"apache.resp_len","r_formatdate","apache.x_forward"
"1954","11:37:56:598 09/20/2018","9"
"1953","11:37:56:598 09/20/2018","8"
,"11:37:56:598 09/20/2018","72"
,"11:37:56:598 09/20/2018","71"
"2380","11:37:56:598 09/20/2018","70"
"1953","11:37:56:598 09/20/2018","7"
"2017","11:37:56:598 09/20/2018","69"
"2017","11:37:56:598 09/20/2018","68"
"2017","11:37:56:598 09/20/2018","67"
"2020","11:37:56:598 09/20/2018","66"
"2017","11:37:56:598 09/20/2018","65"
"4653","11:37:56:598 09/20/2018","64"
"4648","11:37:56:598 09/20/2018","63"
"4649","11:37:56:598 09/20/2018","62"
"2379","11:37:56:598 09/20/2018","61"
"0","11:37:56:598 09/20/2018","60"
"1955","11:37:56:598 09/20/2018","6"
"4653","11:37:56:598 09/20/2018","59"
"4649","11:37:56:598 09/20/2018","58"
"5049","11:37:56:598 09/20/2018","57"
"2426","11:37:56:598 09/20/2018","56"
"4653","11:37:56:598 09/20/2018","55"
"4648","11:37:56:598 09/20/2018","54"
"4649","11:37:56:598 09/20/2018","53"
"5049","11:37:56:598 09/20/2018","52"
"5049","11:37:56:598 09/20/2018","51"
"5049","11:37:56:598 09/20/2018","50"
"1953","11:37:56:598 09/20/2018","5"
"4653","11:37:56:598 09/20/2018","49"
"5049","11:37:56:598 09/20/2018","48"
"5049","11:37:56:598 09/20/2018","47"
"2482","11:37:56:598 09/20/2018","46"
"1997","11:37:56:598 09/20/2018","45"
"1945","11:37:56:598 09/20/2018","44"
"1944","11:37:56:598 09/20/2018","43"
"2205","11:37:56:598 09/20/2018","42"
"1944","11:37:56:598 09/20/2018","41"
"1944","11:37:56:598 09/20/2018","40"
"1952","11:37:56:598 09/20/2018","4"
"1943","11:37:56:598 09/20/2018","39"
"1945","11:37:56:598 09/20/2018","38"
"2029","11:37:56:598 09/20/2018","37"
"69","11:37:56:598 09/20/2018","36"
"166","11:37:56:598 09/20/2018","35"
"93","11:37:56:598 09/20/2018","34"
"69","11:37:56:598 09/20/2018","33"
"69","11:37:56:598 09/20/2018","32"
"69","11:37:56:598 09/20/2018","31"
"69","11:37:56:598 09/20/2018","30"
"1948","11:37:56:598 09/20/2018","3"
"93","11:37:56:598 09/20/2018","29"
"69","11:37:56:598 09/20/2018","28"
"69","11:37:56:598 09/20/2018","27"
"69","11:37:56:598 09/20/2018","26"
"69","11:37:56:598 09/20/2018","25"
"69","11:37:56:598 09/20/2018","24"
"1952","11:37:56:598 09/20/2018","2"
"2041","11:37:56:598 09/20/2018","14"
"2199","11:37:56:598 09/20/2018","13"
"2191","11:37:56:598 09/20/2018","12"
"1952","11:37:56:598 09/20/2018","11"
"1954","11:37:56:598 09/20/2018","10"
"1955","11:37:56:598 09/20/2018","1"
"93","11:37:56:598 09/20/2018",
"166","11:37:56:598 09/20/2018",
"93","11:37:56:598 09/20/2018",
"1","11:37:56:598 09/20/2018",
"93","11:37:56:598 09/20/2018",
"166","11:37:56:598 09/20/2018",
"166","11:37:56:598 09/20/2018",
"166","11:37:56:598 09/20/2018",
"69","11:37:56:598 09/20/2018",

