"r_relative","r_format_relative","apache.x_forward"
"1589126400000","00:00:00:000 05/11/2020","9"
"1589126400000","00:00:00:000 05/11/2020","8"
"1589126400000","00:00:00:000 05/11/2020","72"
"1589126400000","00:00:00:000 05/11/2020","71"
"1589126400000","00:00:00:000 05/11/2020","70"
"1589126400000","00:00:00:000 05/11/2020","7"
"1589126400000","00:00:00:000 05/11/2020","69"
"1589126400000","00:00:00:000 05/11/2020","68"
"1589126400000","00:00:00:000 05/11/2020","67"
"1589126400000","00:00:00:000 05/11/2020","66"
"1589126400000","00:00:00:000 05/11/2020","65"
"1589126400000","00:00:00:000 05/11/2020","64"
"1589126400000","00:00:00:000 05/11/2020","63"
"1589126400000","00:00:00:000 05/11/2020","62"
"1589126400000","00:00:00:000 05/11/2020","61"
"1589126400000","00:00:00:000 05/11/2020","60"
"1589126400000","00:00:00:000 05/11/2020","6"
"1589126400000","00:00:00:000 05/11/2020","59"
"1589126400000","00:00:00:000 05/11/2020","58"
"1589126400000","00:00:00:000 05/11/2020","57"
"1589126400000","00:00:00:000 05/11/2020","56"
"1589126400000","00:00:00:000 05/11/2020","55"
"1589126400000","00:00:00:000 05/11/2020","54"
"1589126400000","00:00:00:000 05/11/2020","53"
"1589126400000","00:00:00:000 05/11/2020","52"
"1589126400000","00:00:00:000 05/11/2020","51"
"1589126400000","00:00:00:000 05/11/2020","50"
"1589126400000","00:00:00:000 05/11/2020","5"
"1589126400000","00:00:00:000 05/11/2020","49"
"1589126400000","00:00:00:000 05/11/2020","48"
"1589126400000","00:00:00:000 05/11/2020","47"
"1589126400000","00:00:00:000 05/11/2020","46"
"1589126400000","00:00:00:000 05/11/2020","45"
"1589126400000","00:00:00:000 05/11/2020","44"
"1589126400000","00:00:00:000 05/11/2020","43"
"1589126400000","00:00:00:000 05/11/2020","42"
"1589126400000","00:00:00:000 05/11/2020","41"
"1589126400000","00:00:00:000 05/11/2020","40"
"1589126400000","00:00:00:000 05/11/2020","4"
"1589126400000","00:00:00:000 05/11/2020","39"
"1589126400000","00:00:00:000 05/11/2020","38"
"1589126400000","00:00:00:000 05/11/2020","37"
"1589126400000","00:00:00:000 05/11/2020","36"
"1589126400000","00:00:00:000 05/11/2020","35"
"1589126400000","00:00:00:000 05/11/2020","34"
"1589126400000","00:00:00:000 05/11/2020","33"
"1589126400000","00:00:00:000 05/11/2020","32"
"1589126400000","00:00:00:000 05/11/2020","31"
"1589126400000","00:00:00:000 05/11/2020","30"
"1589126400000","00:00:00:000 05/11/2020","3"
"1589126400000","00:00:00:000 05/11/2020","29"
"1589126400000","00:00:00:000 05/11/2020","28"
"1589126400000","00:00:00:000 05/11/2020","27"
"1589126400000","00:00:00:000 05/11/2020","26"
"1589126400000","00:00:00:000 05/11/2020","25"
"1589126400000","00:00:00:000 05/11/2020","24"
"1589126400000","00:00:00:000 05/11/2020","2"
"1589126400000","00:00:00:000 05/11/2020","14"
"1589126400000","00:00:00:000 05/11/2020","13"
"1589126400000","00:00:00:000 05/11/2020","12"
"1589126400000","00:00:00:000 05/11/2020","11"
"1589126400000","00:00:00:000 05/11/2020","10"
"1589126400000","00:00:00:000 05/11/2020","1"
"1589126400000","00:00:00:000 05/11/2020",
"1589126400000","00:00:00:000 05/11/2020",
"1589126400000","00:00:00:000 05/11/2020",
"1589126400000","00:00:00:000 05/11/2020",
"1589126400000","00:00:00:000 05/11/2020",
"1589126400000","00:00:00:000 05/11/2020",
"1589126400000","00:00:00:000 05/11/2020",
"1589126400000","00:00:00:000 05/11/2020",
"1589126400000","00:00:00:000 05/11/2020",

