"apache.status","apache.resp_len"
"200",
"200",
"200","1943"
"200","1944"
"200","1944"
"200","1944"
"200","1945"
"200","1945"
"200","1948"
"200","1952"
"200","1952"
"200","1952"
"200","1953"
"200","1953"
"200","1953"
"200","1954"
"200","1954"
"200","1955"
"200","1955"
"200","1997"
"200","2017"
"200","2017"
"200","2017"
"200","2017"
"200","2020"
"200","2029"
"200","2041"
"200","2191"
"200","2199"
"200","2205"
"200","2379"
"200","2380"
"200","2426"
"200","2482"
"200","4648"
"200","4648"
"200","4649"
"200","4649"
"200","4649"
"200","4653"
"200","4653"
"200","4653"
"200","4653"
"200","5049"
"200","5049"
"200","5049"
"200","5049"
"200","5049"
"200","5049"
"206","1"
"404","69"
"404","69"
"404","69"
"404","69"
"404","69"
"404","69"
"404","69"
"404","69"
"404","69"
"404","69"
"404","69"
"499","0"
"500","93"
"500","93"
"500","93"
"500","93"
"500","93"
"502","166"
"502","166"
"502","166"
"502","166"
"502","166"

